customer_id,name,email,phone,signup_date
1,Katie Jones,charles85@doyle.com,001-268-687-4563x53613,2025-04-19
2,Karen Brown,dianeperez@yahoo.com,+1-607-230-6925,2024-11-15
3,Jasmine Monroe,nnguyen@yahoo.com,(254)446-0186,2025-01-02
4,Thomas Singleton,tnguyen@le.com,001-483-040-4022,2024-04-07
5,Christopher Coleman,tmoore@yahoo.com,(790)796-3729,2024-03-17
6,Gina Huerta,psmith@yahoo.com,169-600-9602,2025-06-05
7,Traci Kelly,kyle86@gmail.com,001-117-869-3029x7165,2024-09-12
8,Brandi Watts,qdean@henson-richards.com,4423659292,2024-07-31
9,Garrett Williams,amandapalmer@yahoo.com,152.772.9663x5477,2024-10-18
10,Christopher French,barnescaroline@gmail.com,+1-280-626-3397x1828,2024-08-27
11,Brian Murphy,emilysmith@thompson-french.com,001-691-157-0099x76809,2024-07-17
12,Nicole Mason,benjaminpatrick@harris-rogers.com,(363)752-6279x31485,2024-06-27
13,Jessica Wallace,qramsey@bennett-harris.biz,148-085-1168x65820,2023-10-01
14,Logan Williams,nwilson@gmail.com,+1-267-622-1953x90447,2024-07-04
15,Andrew Cunningham,blopez@henderson-cox.org,426-551-1421,2025-01-25
16,James Bautista,dosborne@frazier.com,001-329-763-5254,2024-03-30
17,David Ryan,virginiakirk@santos-adams.com,192-737-1921x64205,2024-04-29
18,David Lee,nsmith@gmail.com,+1-637-764-9206,2025-07-21
19,Angela Velazquez DVM,joseph67@yahoo.com,918-892-1448x381,2023-12-26
20,Yolanda George,andrewlandry@hanson-khan.com,001-191-582-0486x69322,2023-11-01
21,Wendy Wilkinson,xmccarthy@carroll.biz,636.284.5833x805,2024-02-02
22,Robin Burns,bmorgan@flores.org,001-354-464-2838x948,2025-02-02
23,David Reyes,ochavez@yahoo.com,161-022-4792x33805,2023-10-22
24,Walter Wang,umartin@stewart-rivera.com,697-315-2863x59760,2024-09-25
25,Lynn Morrow,jordanrobert@yahoo.com,(017)792-4562,2023-09-15
26,Monica Crawford,grahamkathleen@hotmail.com,8894322709,2023-10-15
27,Elizabeth Murphy,tlewis@johnson.info,+1-354-851-1735x217,2025-08-15
28,Michael Escobar,coxryan@gmail.com,(348)462-7987,2024-02-17
29,Russell Boyd,cburke@francis-cunningham.org,404.035.6037,2025-07-04
30,John Cain,mary50@mccall.com,772.172.9180x86855,2025-04-19
31,Katelyn Burns,christina71@stevens-ross.com,001-176-216-7460x203,2025-05-26
32,Thomas Vincent,palmermaria@parrish-thompson.com,+1-164-943-0169x162,2024-06-04
33,Travis Gutierrez,hayestim@scott.biz,785-632-4567x331,2024-07-31
34,Eric Evans,ramirezlaura@yahoo.com,+1-495-147-9693,2024-12-08
35,Joseph Salazar,marshsusan@jones-harrison.biz,682.529.6114x717,2024-04-12
36,Ryan Contreras,nicholasschneider@yahoo.com,(673)157-2145,2024-04-27
37,Parker Ramsey,sarah00@adams-small.com,421.985.8782x8979,2024-05-05
38,Michelle Stevens,amandasmith@fowler.com,806.402.1416x739,2024-06-30
39,Virginia Martin,erika56@hotmail.com,+1-588-491-0795x5278,2025-07-08
40,Gina Peterson,kgreen@gmail.com,6240770941,2023-11-20
41,Ryan Mullins,heidi79@meyer-hughes.com,(186)285-1574,2023-09-28
42,Donna Weber,wtanner@walker.com,001-315-256-8520,2025-04-12
43,Eugene Sullivan,wayneduncan@powell-goodman.biz,001-206-393-0465x668,2023-12-13
44,Anthony Brooks,boonemichael@gmail.com,2985176465,2023-11-04
45,Donald Hill,stephendixon@riley.com,538-020-4351x085,2025-05-10
46,Brianna Mcneil,david29@colon-hanson.net,(039)264-6500,2025-08-23
47,Kayla Knight,stephanie54@hotmail.com,636-678-2376,2025-05-16
48,Denise Mullins DVM,janet96@gmail.com,(144)940-0792,2025-06-06
49,Michael Clark,melindahamilton@yahoo.com,001-486-702-6130x43258,2025-05-29
50,Jared Smith,elizabethbarron@yahoo.com,+1-289-458-3487x1964,2025-06-22
51,Vanessa Erickson,lmorse@yahoo.com,(782)089-0010x03884,2025-03-27
52,Melinda Hammond,loriarnold@jones.org,950-077-1975x8756,2023-10-29
53,David Snyder,melissa43@weber.info,+1-060-656-8231x33693,2025-03-18
54,Sarah Kim,tracy54@hotmail.com,(271)534-0662x9303,2023-12-09
55,Maria Robinson,bchaney@hotmail.com,+1-819-321-9492x537,2024-04-13
56,Karl Humphrey,vdaniel@schneider.com,001-175-034-8806x54224,2025-08-19
57,Christopher Avila,rachael52@hotmail.com,118.494.1570,2024-09-04
58,Gregory Gordon,christopher41@juarez.net,778.641.4702,2025-07-14
59,Garrett Spears,delgadojoseph@chen.info,001-266-620-2378x5858,2024-02-18
60,Jennifer Stephenson,crystaljohnson@allen.com,001-936-324-8150x664,2024-12-25
61,Nicholas Wilson,kristophernguyen@chavez.com,(803)535-9647x98057,2024-03-30
62,Dr. Pamela Webb,hward@cortez.com,001-536-394-0785x43685,2024-05-07
63,Cody Meza,taylorbrent@hotmail.com,389-462-6050x0687,2024-09-17
64,Anthony Cruz,hhale@gmail.com,023-203-2788x547,2024-03-13
65,Travis George,sanchezjames@stuart.com,3736913221,2024-07-31
66,Joseph Gonzalez,kenttiffany@clark.net,(617)156-0147x6897,2024-03-18
67,Mary Long,bcoleman@hotmail.com,001-168-068-6593x221,2023-12-11
68,Charles Gray,barnesmichael@yahoo.com,(507)868-7490,2024-08-28
69,Jason Bradley,qwilliamson@floyd.info,(099)777-9697x6968,2023-12-23
70,Valerie Zavala,diana65@hotmail.com,(817)738-2349x07941,2025-02-01
71,Daniel Castillo,ashley33@murphy.net,1630361739,2024-12-19
72,Shawn Baldwin,austin02@howard.com,(387)111-5173x77652,2024-04-27
73,James Rodriguez,danielle75@hotmail.com,423-597-9966,2025-04-10
74,Samantha Knox,charles66@yahoo.com,+1-533-725-8424x0194,2024-10-30
75,Joseph Ward,hrobles@obrien-stewart.com,879.615.6963x8805,2024-07-20
76,Michelle Vega,gschneider@owens.org,(390)891-4547x181,2025-01-29
77,Yvonne Clark,danielsjudy@hotmail.com,783.509.3144,2024-05-13
78,Lisa Taylor,qcooper@hotmail.com,1652313976,2025-04-02
79,Jamie Hunter,cruzthomas@yahoo.com,5359583469,2024-07-17
80,Carrie Myers,maldonadoluis@hotmail.com,610.387.4993,2024-10-30
81,Eric Hays,whitemarc@smith.com,(133)189-3733x2343,2024-03-13
82,Stephanie Harris,stevenblair@montes-morse.com,1017002534,2025-07-06
83,Amanda Henderson,jose90@yahoo.com,328.592.4292x4744,2023-12-02
84,James Davis,thompsonrobert@hotmail.com,+1-615-283-9910x7260,2025-01-09
85,Jennifer Schwartz,nicholas67@hotmail.com,885.332.9555x252,2025-04-09
86,Grace Ho,opark@salazar-wu.com,7334784740,2024-02-14
87,Barry Robinson,christian22@yahoo.com,001-620-467-9347,2024-02-04
88,Jonathan Moody,brian77@page.com,(990)663-1947,2023-09-08
89,Evan Wolfe,bjones@yahoo.com,326.207.9365x198,2024-02-27
90,William Willis,andersendonald@yahoo.com,846-991-1743,2024-09-09
91,Rhonda Vargas,jessica62@alvarez.info,(290)262-1182x525,2023-08-30
92,Glenn Gordon,codycurtis@castro.info,173-243-4648x6960,2023-12-01
93,David Gray,garnersara@thompson.com,904.195.9846,2024-11-09
94,Joshua King,hurstjohnny@garcia-branch.com,917-832-6824,2024-05-10
95,Michael Perez,michael86@gmail.com,001-702-661-6510x8545,2025-01-11
96,Chad Young,barnesdebra@murphy.com,+1-711-815-4458x196,2023-09-10
97,Kimberly Davis,caroline54@yahoo.com,445-392-0435,2024-09-08
98,Carol Howell,liualexander@yahoo.com,+1-483-874-0463x5290,2024-10-21
99,Donald Ramirez,brucemonica@james.org,796.793.1993x92807,2024-08-26
100,Tyler Johnson,ryan90@berry.com,+1-226-303-7445x1052,2025-04-19
101,Alyssa Castillo,sherry15@mitchell.biz,+1-031-816-9435x80801,2024-09-17
102,George Herrera,paynejessica@yahoo.com,2339739706,2024-05-06
103,Emily Smith,marilynsmith@yahoo.com,644-422-4229x6276,2023-10-31
104,Aaron Scott,hshah@matthews.biz,(171)266-8238x942,2024-09-30
105,Roy Clark,michael80@gmail.com,728.051.4584,2024-05-07
106,Hunter Perez,stanleydeanna@gomez-rios.com,001-132-653-9066x282,2024-07-29
107,Eric Carter,reidkristen@walker-tate.com,732-577-5754,2024-08-29
108,Shannon Stone,daniel46@garza.com,+1-150-432-1347x96860,2024-05-03
109,Maria Santiago,caroline40@hernandez-ward.com,(617)137-0604,2025-03-03
110,Stephen Mccullough,rhonda96@turner-hogan.net,001-449-992-3445,2024-05-14
111,Kristina Crawford,johnhumphrey@holmes.com,+1-918-899-6399x1090,2025-08-19
112,Mr. James Key,lindsey58@skinner.com,885-429-8475x31879,2023-12-25
113,Katherine Koch,lanceperez@ramirez-turner.com,4993423452,2024-04-05
114,Alan Anderson,raymontoya@yahoo.com,405-168-0877x5754,2024-07-10
115,Jason Hammond,tracihernandez@yahoo.com,(031)765-5175x8898,2025-07-29
116,Justin Bird,andersonwilliam@hotmail.com,(709)125-7675x523,2025-05-25
117,Kelly Mcdaniel Jr.,alecthomas@vargas.com,+1-731-994-7337,2024-02-05
118,Amanda Ingram,anna00@schultz.com,6043554815,2025-01-16
119,Hunter Howard,brooksemma@yahoo.com,+1-226-967-9638x92493,2024-11-07
120,Andrew Perry,donaldmosley@yahoo.com,+1-185-986-5388x7903,2023-12-22
121,Elizabeth Hayes,mark43@gmail.com,582-618-4663x3347,2025-08-07
122,Michael Ramirez,manuelhicks@hotmail.com,001-888-750-7652x389,2025-05-14
123,Heather Rogers,farleymichael@moore-richards.com,001-699-145-3996x836,2024-02-05
124,Kyle Reynolds,thomasmariah@stevens.org,2448577520,2023-11-18
125,Jordan Roberson,lhenderson@hotmail.com,738.572.9020x392,2023-12-18
126,Jason Nelson,melissalowe@vasquez-alexander.com,(083)266-4986,2024-05-30
127,Monica Clark,deborahtate@thompson.net,9557378092,2024-02-24
128,Derrick Hammond,kschwartz@yahoo.com,(318)587-9210x0280,2024-09-19
129,Jose Lee,steven87@perez.com,+1-994-354-8374x62069,2024-10-25
130,Tiffany Russell,longdominic@gmail.com,4376502308,2024-11-13
131,Jason Hayes,donna98@mendoza-friedman.com,+1-645-976-1287x492,2024-03-04
132,David Allen,hpope@berger.com,(427)003-1562,2024-12-20
133,Michael Cardenas,joshuamerritt@grant.com,+1-597-575-4772x073,2025-06-30
134,Todd Thomas,sfernandez@hotmail.com,001-371-643-8754x573,2024-11-02
135,Corey Romero,phillipgay@whitaker-rios.biz,271-469-7241x19007,2024-12-11
136,Kathryn Rogers,harrissarah@yahoo.com,7073785520,2024-06-22
137,Kenneth Cohen,amanda99@yahoo.com,+1-656-190-8117x841,2024-08-24
138,Kyle Hughes,ystanley@jennings-gilmore.com,001-318-995-5412x953,2023-10-09
139,Amy Hernandez,nhughes@gmail.com,947-684-5528,2023-10-11
140,Perry Johnson,parkermaureen@brown-richardson.com,+1-797-459-1901,2023-10-16
141,Lauren Powers,lwallace@edwards.net,(369)781-9988,2024-10-18
142,Elizabeth Espinoza,mary11@yahoo.com,157.321.5016x199,2023-09-07
143,Melissa Church,taylorsteven@gmail.com,(456)861-6596x45632,2024-06-22
144,Samantha Allen,fsullivan@williamson.biz,703.795.0462,2025-03-06
145,Jason Owens,williamsselena@gmail.com,+1-694-174-9111x79376,2025-02-21
146,Todd Simon,yanderson@galvan.com,112-518-7155,2023-10-09
147,Alexis Long,mark38@michael-buck.info,2983730216,2025-04-13
148,Mr. Brent Smith MD,monica64@yahoo.com,+1-602-367-1487x49578,2023-10-19
149,Edward Brown,fernandezbridget@johnson.com,411.329.6303,2023-10-22
150,Renee Bean,dserrano@gmail.com,(297)698-3610x23368,2025-03-20
151,Mrs. Samantha Marsh,hendersonchristopher@gmail.com,(769)441-9464x36843,2025-03-30
152,Kimberly Yang,james54@yahoo.com,+1-889-749-3364x1968,2024-07-10
153,Steven Carroll,toni55@martin.info,508.224.4006x223,2024-02-01
154,Cynthia Castro,bramos@smith.info,001-876-456-1129x3371,2025-06-05
155,Michael Hamilton,amber63@love-byrd.com,(657)517-8537,2025-01-05
156,Justin Williams,triggs@gray-shelton.com,941.805.2946,2023-11-10
157,Bonnie Jackson,brooksrobin@hotmail.com,835-745-8727x68627,2024-03-13
158,William Rodriguez,samanthalopez@lopez-ali.com,495.218.2533,2024-12-03
159,Justin Petty,michael02@gutierrez-cooper.net,(456)619-8302,2025-08-06
160,Erin Bradley MD,rgarcia@hotmail.com,001-323-621-4796x24457,2024-07-11
161,Mark Anderson,thomas72@gmail.com,6340156329,2024-08-28
162,Marissa Silva,renee93@baker.biz,(369)517-0335x054,2024-12-15
163,Patrick Gray,xgarrett@greene.info,178-748-6705,2024-06-30
164,Samuel Freeman,foleymolly@campbell.org,696-232-3006,2024-07-01
165,Christopher Blake,john32@mcdonald-myers.org,169-631-0012,2024-06-15
166,Eric Guzman,jasonanderson@morris.com,046-358-0341,2025-03-11
167,Michael Thomas,gregory59@yahoo.com,(484)442-1717,2025-01-27
168,Angela Cook,ojames@harvey-smith.com,+1-264-376-3318,2025-01-02
169,Gabriella Obrien,fhowell@charles-munoz.com,(460)212-8236,2025-08-13
170,Anthony Jackson,kendra22@hood.org,001-531-686-6666,2024-12-13
171,Jeff Morgan,leejeffrey@barnes.com,(367)697-8643x9244,2024-12-19
172,Ashley Drake,kgeorge@gregory.com,001-267-823-9692x9897,2025-05-27
173,Alfred Green,tracy72@cruz-nelson.com,(952)983-0872x03491,2024-03-11
174,Cathy Fisher,clarkwilliam@pope.org,065-441-2705x86157,2024-11-13
175,Alexander Jackson,hawkinsamy@molina.com,+1-794-734-8379x458,2023-11-07
176,Mr. Joseph Garcia,mcampbell@hobbs.com,(160)705-3581x66987,2023-12-29
177,Kenneth Kelley,alan54@nolan.com,+1-603-062-7044,2025-04-18
178,Daniel Wiggins,parkshaley@smith.com,386.209.4254x78459,2025-02-06
179,Sandra Jenkins,angela22@wilson-johnson.org,001-493-448-0338,2024-09-12
180,James Ashley,daniellegarza@jones.com,+1-054-963-5310x03850,2024-04-25
181,Abigail Bauer,melinda14@romero.info,+1-027-023-3840x905,2024-08-30
182,Steven Munoz,bethanybrennan@jones.com,001-288-396-5614x754,2024-01-30
183,Anna Jimenez,jefferymiller@gmail.com,759.127.3022x86612,2023-10-09
184,David Greer PhD,julie32@gmail.com,725-958-7015x282,2025-01-18
185,Mr. Dale Russell,laurenhickman@gmail.com,7793044126,2024-01-10
186,Tony Morris,priceholly@hotmail.com,201-505-1678x821,2025-05-06
187,John Villegas,michaelbrown@cruz.net,159.546.4899x2132,2024-11-11
188,Amy Savage,kruiz@hotmail.com,410-931-7076x8510,2024-07-24
189,Jordan Barker,carla96@flores.com,001-724-540-1502x41393,2025-01-18
190,Alexandra Richard,grice@hotmail.com,(418)959-3774,2024-11-20
191,Donna Jensen MD,rodriguezjulie@chavez-long.org,(124)368-7280x2805,2025-01-02
192,Amy Christian,fosterchad@adams-white.net,+1-153-196-1855,2023-12-20
193,Heather Peterson,carrie81@hotmail.com,2205489617,2023-11-09
194,Dominique Hamilton,ocollins@wagner.com,(930)879-7907x3153,2024-02-10
195,Theodore Johnson,smithandrea@baker.info,241-162-8631x8696,2024-11-23
196,Amanda Williams,william91@gmail.com,556-017-3034,2024-04-05
197,John Spears,chenashley@yahoo.com,001-183-414-0495x6958,2024-03-17
198,Chris Wu,randall32@bishop.com,001-540-803-6127,2023-11-05
199,Gabrielle Lee,taylorkaylee@gmail.com,864-247-9435,2024-07-15
200,Angela Kerr,jennifergonzalez@gmail.com,(755)540-3429,2023-09-04
